1.36,1.8,74,3
1.8,2.3438,74,3
1.8,2.185,55,3
1.8,2.185,59,3
2.18,2.5438,62,3
2.33,2.5625,76,3
2.56,2.7994,74,3
2.56,2.86,67,3
2.7994,2.86,74,3
2.86,3.4294,83,3
2.86,3.165,55,3
2.86,3.165,59,3
3.16,3.4438,62,3
3.46,3.82,83,3
3.46,3.82,67,3
3.82,4.5119,81,3
3.82,4.185,52,3
3.82,4.185,59,3
4.18,4.4837,64,3
4.5,4.7838,79,3
4.5,4.8,67,3
4.8,5.145,52,3
4.8,5.145,59,3
5.14,5.4238,64,3
5.44,5.8,78,3
5.44,5.8,59,3
5.44,5.8,63,3
5.44,5.8,69,3
5.8,5.88,76,3
5.8,6.105,48,3
5.8,6.105,60,3
5.88,5.9594,78,3
5.9594,6.25,76,3
6.1,6.3838,64,3
6.25,6.4,75,3
6.4,6.7,76,3
6.4,6.7,69,3
6.7,6.78,78,3
6.7,7.005,50,3
6.7,7.005,60,3
6.78,6.8594,79,3
6.8594,7.15,78,3
7,7.3037,62,3
7.15,7.32,76,3
7.32,7.64,78,3
7.32,7.64,69,3
7.64,8.28,79,3
7.64,7.98,55,3
7.64,7.98,59,3
7.98,8.28,62,3
8.28,8.66,71,3
8.66,9.07,67,3
9.48,9.82,50,2
9.82,10.35,50,2
9.82,10.205,59,3
9.82,10.2,55,3
10.2,10.505,62,3
10.35,10.5,52,2
10.5,10.84,50,2
10.5,10.824,67,3
10.84,11.52,59,2
10.84,11.225,59,3
10.84,11.22,55,3
11.22,11.525,62,3
11.52,11.811,59,2
11.52,11.844,67,3
11.811,11.86,57,2
11.86,12.64,55,2
11.86,12.245,59,3
11.86,12.24,52,3
12.24,12.645,64,3
12.64,12.94,55,2
12.64,12.924,67,3
12.94,13.365,59,3
12.94,13.34,52,3
13.34,13.685,64,3
13.68,14,55,2
13.68,13.984,67,3
14,14.53,57,2
14,14.345,60,3
14,14.34,48,3
14.34,14.705,64,3
14.53,14.7,59,2
14.7,15,57,2
14.7,14.984,69,3
15,15.57,62,2
15,15.395,60,3
15,15.36,50,3
15.36,15.725,62,3
15.57,15.72,64,2
15.72,16.08,62,2
15.72,16.051,66,3
16.08,16.76,59,2
16.08,16.445,59,3
16.08,16.42,43,3
16.42,16.765,62,3
16.76,17.111,67,3
17.14,17.605,71,3
17.14,17.6,55,3
17.6,17.925,67,3
17.92,18.26,55,2
17.92,18.231,62,3
18.26,18.81,55,2
18.26,18.635,60,3
18.26,18.62,43,3
18.26,18.62,52,3
18.26,18.62,55,3
18.62,18.965,64,3
18.81,18.96,54,2
18.96,19.26,52,2
18.96,19.244,67,3
19.26,19.59,52,2
19.26,19.6,60,3
19.26,19.59,43,3
19.26,19.59,52,3
19.26,19.59,55,3
19.59,19.91,55,2
19.59,19.92,64,3
19.91,20.28,60,2
19.91,20.264,67,3
20.28,21.032,59,2
20.28,20.725,59,3
20.28,20.72,43,3
20.28,20.72,50,3
20.28,20.72,55,3
20.72,21.025,62,3
21.02,21.317,62,2
21.02,21.317,67,3
21.34,21.74,55,2
21.34,21.745,59,3
21.34,21.74,43,3
21.34,21.74,50,3
21.34,21.74,55,3
21.74,22.045,62,3
22.04,22.4,54,2
22.04,22.371,67,3
22.4,22.93,52,2
22.4,22.775,60,3
22.4,22.76,48,3
22.76,23.085,64,3
22.93,23.08,51,2
23.08,23.38,52,2
23.08,23.364,69,3
23.38,23.83,54,2
23.38,23.685,60,3
23.38,23.68,50,3
23.68,23.985,62,3
23.83,23.98,52,2
23.98,24.3,54,2
23.98,24.284,69,3
24.3,24.625,55,2
24.3,24.625,59,3
24.3,24.62,55,3
24.62,24.925,59,2
24.62,24.925,62,3
24.92,25.344,62,2
24.92,25.344,67,3
25.36,25.795,62,2
25.36,25.885,59,3
25.36,25.88,47,3
25.88,26.03,60,2
25.88,26.185,62,3
26.03,26.18,59,2
26.18,26.33,57,2
26.18,26.587,67,3
26.33,26.66,55,2
26.66,27.17,54,2
26.66,27.025,60,3
26.66,27.02,48,3
27.02,27.325,64,3
27.17,27.32,52,2
27.32,27.64,52,2
27.32,27.624,69,3
27.64,28.17,60,2
27.64,28.025,57,3
27.64,28.02,50,3
28.02,28.325,62,3
28.17,28.32,54,2
28.32,28.8,54,2
28.32,28.784,60,3
28.8,29.58,55,2
28.8,30.238,59,3
28.8,30.55,43,3
28.8,30.55,50,3
28.8,30.55,55,3
29.24,29.585,62,3
29.58,29.878,71,3
29.9,30.55,67,3
31.7,32.44,57,2
32.44,32.708,57,2
32.44,32.66,62,3
32.44,32.66,69,3
32.44,32.66,53,3
32.44,32.66,57,3
32.708,32.98,57,2
32.98,33.409,57,2
32.98,33.28,62,3
32.98,33.28,67,3
32.98,33.28,52,3
32.98,33.28,55,3
33.409,33.6,58,2
33.6,33.9,57,2
33.6,33.9,62,3
33.6,33.9,69,3
33.6,33.9,53,3
33.6,33.9,57,3
33.9,34.04,50,2
34.04,34.139,74,3
34.04,34.345,64,3
34.04,34.345,68,3
34.04,34.345,70,3
34.139,34.239,86,3
34.239,34.34,74,3
34.34,34.735,86,3
34.34,34.728,65,3
34.34,34.728,69,3
34.735,35.02,57,2
35.02,35.285,57,2
35.02,35.272,62,3
35.02,35.272,69,3
35.02,35.272,53,3
35.02,35.272,57,3
35.285,35.46,57,2
35.46,35.91,59,2
35.46,35.76,62,3
35.46,35.76,71,3
35.46,35.76,43,3
35.46,35.76,53,3
35.91,36.06,57,2
36.06,36.36,59,2
36.36,36.76,60,2
36.36,36.46,60,3
36.36,36.46,72,3
36.36,36.46,48,3
36.36,36.46,51,3
36.76,36.859,72,3
36.76,37.065,62,3
36.76,37.065,66,3
36.76,37.065,68,3
36.859,36.959,84,3
36.959,37.06,72,3
37.06,37.46,84,3
37.06,37.429,63,3
37.06,37.429,67,3
37.46,37.76,60,2
37.76,38.1,60,2
37.76,37.827,65,3
37.76,37.827,72,3
37.76,37.827,56,3
37.76,37.827,60,3
38.1,38.391,60,2
38.391,38.78,60,2
38.391,38.48,65,3
38.391,38.48,70,3
38.391,38.48,55,3
38.391,38.48,58,3
38.78,39.06,61,2
39.06,39.4,60,2
39.06,39.201,65,3
39.06,39.201,72,3
39.06,39.201,56,3
39.06,39.201,60,3
39.4,39.7,53,2
39.4,39.499,65,3
39.4,39.705,43,3
39.4,39.705,47,3
39.4,39.705,49,3
39.499,39.599,77,3
39.599,39.7,65,3
39.7,40.08,77,3
39.7,40.049,44,3
39.7,40.049,48,3
40.08,40.38,60,2
40.08,40.38,60,3
40.08,40.38,67,3
40.08,40.38,72,3
40.08,40.38,51,3
40.08,40.38,55,3
40.38,40.67,62,2
40.38,40.82,62,3
40.38,40.82,67,3
40.38,40.82,70,3
40.38,40.82,74,3
40.38,40.82,50,3
40.38,40.82,55,3
40.38,40.82,58,3
40.67,40.82,62,2
40.82,41,62,2
41,41.45,63,2
41,41.489,66,3
41,41.489,69,3
41,41.489,74,3
41,41.489,78,3
41,41.489,50,3
41,41.489,57,3
41,41.489,60,3
41.45,41.489,62,2
41.489,41.78,62,2
41.78,42.28,55,2
41.78,42.28,67,3
41.78,42.28,70,3
41.78,42.28,74,3
41.78,42.28,79,3
41.78,41.83,31,3
41.83,41.98,43,3
41.98,42.13,31,3
42.13,42.28,43,3
42.28,42.58,55,3
42.28,42.589,57,3
42.28,42.589,61,3
42.28,42.589,63,3
42.28,42.43,31,3
42.43,42.58,43,3
42.58,42.959,55,3
42.58,42.959,58,3
42.58,42.959,62,3
42.58,42.73,31,3
42.73,42.836,43,3
42.836,42.87,31,3
42.87,43.02,43,3
43.02,43.32,55,2
43.02,43.17,31,3
43.17,43.32,43,3
43.32,43.893,56,2
43.32,44.831,60,3
43.32,44.831,63,3
43.32,44.831,68,3
43.32,43.47,31,3
43.47,43.62,43,3
43.62,43.77,31,3
43.77,43.893,43,3
43.893,43.959,56,2
43.893,43.908,31,3
43.908,43.959,43,3
43.959,44.46,60,2
43.959,44.01,31,3
44.01,44.16,43,3
44.16,44.31,31,3
44.31,44.46,43,3
44.46,44.711,56,2
44.46,44.61,31,3
44.61,44.76,43,3
44.711,44.76,56,2
44.76,45.2,55,2
44.76,45.139,58,3
44.76,45.139,62,3
44.76,45.139,67,3
44.76,44.91,31,3
44.91,45.051,43,3
45.051,45.068,31,3
45.068,45.2,43,3
45.2,45.48,55,2
45.2,46.036,67,3
45.2,45.485,69,3
45.2,45.485,73,3
45.2,45.485,75,3
45.2,45.35,31,3
45.35,45.48,43,3
45.48,45.989,70,3
45.48,45.989,74,3
45.48,45.63,31,3
45.63,45.728,43,3
45.728,45.87,31,3
45.87,46.02,43,3
46.02,46.18,62,2
46.02,46.1,31,3
46.1,46.18,43,3
46.18,46.428,62,2
46.18,47.74,54,3
46.18,47.74,57,3
46.18,47.74,60,3
46.18,47.74,62,3
46.18,46.33,31,3
46.33,46.428,43,3
46.428,46.72,50,2
46.428,46.57,31,3
46.57,46.72,43,3
46.72,47.02,50,2
46.72,46.87,31,3
46.87,47.02,43,3
47.02,47.362,63,2
47.02,47.17,31,3
47.17,47.32,43,3
47.32,47.362,31,3
47.362,47.44,62,2
47.362,47.44,43,3
47.44,47.74,62,2
47.44,47.59,31,3
47.59,47.74,43,3
47.74,48.34,55,2
47.74,47.89,55,3
47.74,48.04,31,3
47.74,48.04,43,3
47.89,48.04,67,3
48.04,48.19,58,3
48.04,48.34,34,3
48.04,48.34,46,3
48.19,48.34,70,3
48.34,48.49,62,3
48.34,48.66,38,3
48.34,48.66,50,3
48.49,48.66,74,3
48.66,49.53,67,3
48.66,49.53,79,3
48.66,49.53,43,3
48.66,49.53,55,3
51.8,53.332,43,3
51.8,53.32,55,3
51.95,53.327,67,3
52.1,53.016,79,3
53.32,54.992,47,3
53.32,54.98,55,3
53.47,54.987,67,3
53.62,54.633,79,3
54.98,56.612,50,3
54.98,56.6,55,3
55.35,56.607,67,3
55.35,56.607,71,3
55.5,56.584,79,3
56.6,58.235,53,3
56.6,58.235,55,3
56.75,58.647,67,3
56.75,58.647,74,3
56.9,58.64,55,2
56.9,58.518,79,3
58.64,59.56,60,2
58.64,59.912,52,3
58.64,59.9,55,3
58.87,59.907,67,3
58.87,59.907,72,3
59.56,59.9,60,2
59.56,59.884,79,3
59.9,60.2,59,2
59.9,61.512,50,3
59.9,61.5,55,3
60.05,61.507,67,3
60.05,61.507,71,3
60.2,61.5,59,2
60.2,61.171,79,3
61.5,63.18,62,2
61.5,63.192,53,3
61.5,63.18,55,3
61.65,63.187,67,3
61.65,63.187,74,3
62.34,62.995,79,3
63.18,63.84,60,2
63.18,63.845,52,3
63.18,63.84,55,3
63.33,63.843,67,3
63.33,63.843,72,3
63.33,63.843,79,3
63.84,64.351,59,2
63.84,64.783,50,3
63.84,64.783,55,3
64.25,64.971,67,3
64.25,64.971,71,3
64.25,64.971,79,3
64.351,64.98,59,2
64.98,65.406,57,2
64.98,66.08,48,3
64.98,66.08,55,3
65.13,66.087,67,3
65.46,65.63,57,2
65.46,65.97,79,3
65.63,66.08,57,2
66.08,66.55,59,2
66.08,66.96,50,3
66.08,69.43,55,3
66.55,66.96,62,2
66.55,66.96,62,3
66.96,67.27,62,2
66.96,67.668,62,3
66.96,67.668,74,3
66.96,67.78,50,3
66.96,67.78,54,3
67.27,67.78,60,2
67.78,69.43,59,2
67.78,69.43,43,3
67.78,69.43,50,3
67.97,68.16,62,3
68.16,69.348,62,3
68.16,69.348,74,3
69.43,70.72,55,3
69.43,70.72,59,3
69.83,70.72,62,3
70.72,71.1,59,2
70.72,71.008,62,3
70.72,71.008,74,3
70.72,71.1,50,3
70.72,71.1,55,3
71.1,71.39,59,2
71.1,72.3,48,3
71.1,72.3,54,3
71.39,72,57,2
71.39,72,62,3
72,72.3,57,2
72,72.268,62,3
72,72.268,74,3
72.3,73.62,57,2
72.3,73.62,48,3
72.3,74.22,54,3
73.39,73.62,62,3
73.62,74.22,59,2
73.62,74.148,62,3
73.62,74.148,74,3
73.62,74.22,50,3
74.22,76.6,55,2
74.22,76.6,47,3
74.22,76.6,55,3
74.41,75,62,3
75,75.768,62,3
75,75.768,74,3
76.6,77.06,50,2
76.6,77.065,47,3
76.6,77.06,55,3
76.75,77.06,62,3
77.06,77.451,59,2
77.06,77.468,62,3
77.06,77.468,74,3
77.06,77.484,50,3
77.06,77.484,55,3
77.451,77.5,59,2
77.5,78.304,57,2
77.5,79.08,48,3
77.5,79.08,54,3
78.15,78.32,62,3
78.32,78.53,57,2
78.32,78.648,62,3
78.32,78.648,74,3
78.53,79.08,57,2
79.08,80.2,60,2
79.08,80.205,52,3
79.08,80.2,54,3
79.83,80.2,62,3
80.2,81.02,59,2
80.2,80.468,62,3
80.2,80.468,74,3
80.2,80.841,50,3
80.2,80.841,54,3
81.02,84.08,55,2
81.02,84.08,47,3
81.02,84.08,55,3
81.17,81.32,62,3
81.32,81.588,62,3
81.32,81.588,74,3
84.08,85.08,47,3
84.08,85.08,55,3
84.23,84.38,62,3
84.38,85.08,55,2
84.38,84.648,62,3
84.38,84.648,74,3
85.08,85.23,55,2
85.08,87.32,48,3
85.08,87.32,55,3
85.23,85.38,51,2
85.23,87.327,63,3
85.23,87.327,67,3
85.38,87.32,51,2
85.38,86.791,75,3
87.32,87.76,51,2
87.32,88.52,48,3
87.32,88.52,55,3
87.47,88.527,63,3
87.47,88.527,67,3
87.76,87.91,51,2
87.76,88.36,75,3
87.91,88.52,55,2
88.52,88.82,50,2
88.52,90.4,46,3
88.52,90.4,55,3
88.67,90.407,62,3
88.67,90.407,67,3
88.82,90.4,50,2
88.82,89.984,74,3
90.4,92.04,46,3
90.4,92.04,55,3
90.77,92.047,62,3
90.77,92.047,67,3
90.92,92.04,50,2
90.92,91.768,74,3
92.04,92.52,53,2
92.04,93.84,48,3
92.04,93.84,55,3
92.19,93.847,63,3
92.19,93.847,67,3
92.52,93.39,51,2
92.52,93.73,75,3
93.39,93.84,55,2
93.84,94.38,60,2
93.84,96.2,48,3
93.84,96.2,55,3
94.15,96.207,63,3
94.15,96.207,67,3
94.38,96.2,63,2
94.38,96.14,75,3
96.2,99.48,62,2
96.2,99.48,46,3
96.2,99.48,55,3
96.35,99.487,62,3
96.35,99.487,67,3
96.56,99.095,74,3
99.48,100.38,46,3
99.48,100.38,55,3
99.63,100.39,62,3
99.63,100.39,67,3
99.78,100.38,58,2
99.78,100.27,74,3
100.38,101.45,57,2
100.38,102.47,51,3
100.38,102.47,55,3
100.89,101.46,72,3
101.45,101.67,57,2
101.45,101.7,69,3
101.67,102.46,57,2
101.67,102.46,72,3
102.46,103.76,60,2
102.46,103.75,75,3
102.46,105.13,50,3
102.46,105.13,54,3
103.76,105.2,58,2
103.76,105.18,74,3
103.76,105.18,78,3
105.2,107.58,55,2
105.2,107.58,67,3
105.2,107.58,79,3
105.2,107.58,43,3
105.2,107.58,55,3
107.58,108.98,31,3
107.58,108.98,43,3
107.73,108.99,55,3
108.08,108.79,67,3
108.98,111.26,31,3
108.98,111.26,43,3
109.13,111.27,55,3
109.28,110.72,67,3
111.26,111.83,31,3
111.26,111.83,43,3
111.41,113.77,55,3
111.56,113.15,67,3
113.76,115.98,31,3
113.76,115.98,43,3
114.16,114.51,55,3
114.5,114.91,59,3
114.9,115.29,62,3
115.28,115.62,67,3
115.6,115.96,71,3
115.98,116.44,74,3
115.98,116.29,55,3
115.98,116.29,59,3
116.28,116.56,62,3
116.43,116.57,76,3
116.58,116.84,74,3
116.58,116.9,67,3
116.84,116.9,74,3
116.9,117.47,83,3
116.9,117.21,55,3
116.9,117.21,59,3
117.2,117.48,62,3
117.5,117.82,83,3
117.5,117.82,67,3
117.82,118.55,81,3
117.82,118.25,52,3
117.82,118.25,59,3
118.24,118.52,64,3
118.54,118.89,79,3
118.54,118.94,67,3
118.94,119.25,52,3
118.94,119.25,59,3
119.24,119.52,64,3
119.54,119.86,78,3
119.54,119.86,59,3
119.54,119.86,63,3
119.54,119.86,69,3
119.86,119.94,76,3
119.86,120.17,48,3
119.86,120.17,60,3
119.94,120.02,78,3
120.02,120.31,76,3
120.16,120.42,64,3
120.31,120.44,75,3
120.44,120.74,76,3
120.44,120.74,69,3
120.74,120.82,78,3
120.74,121.05,50,3
120.74,121.05,60,3
120.82,120.9,79,3
120.9,121.19,78,3
121.04,121.42,62,3
121.19,121.44,76,3
121.44,121.74,78,3
121.44,121.74,69,3
121.74,122.43,79,3
121.74,122.13,55,3
121.74,122.13,59,3
122.12,122.43,62,3
122.42,122.76,71,3
122.8,123.14,67,3
123.48,123.9,50,2
123.9,124.43,50,2
123.9,124.29,59,3
123.9,124.28,55,3
124.28,124.59,62,3
124.43,124.58,52,2
124.58,124.94,50,2
124.58,124.91,67,3
124.94,125.54,59,2
124.94,125.25,59,3
124.94,125.24,55,3
125.24,125.55,62,3
125.54,125.89,59,2
125.54,126.02,67,3
125.89,126.08,57,2
126.08,126.84,55,2
126.08,126.46,59,3
126.08,126.45,52,3
126.45,126.85,64,3
126.84,127.14,55,2
126.84,127.12,67,3
127.14,127.48,59,3
127.14,127.47,52,3
127.47,127.81,64,3
127.8,128.12,55,2
127.8,128.1,67,3
128.12,128.63,57,2
128.12,128.46,60,3
128.12,128.45,48,3
128.45,128.79,64,3
128.63,128.78,59,2
128.78,129.16,57,2
128.78,129.12,69,3
129.16,129.65,62,2
129.16,129.51,60,3
129.16,129.5,50,3
129.5,129.81,62,3
129.65,129.8,64,2
129.8,130.22,62,2
129.8,130.19,66,3
130.22,130.86,59,2
130.22,130.54,59,3
130.22,130.53,43,3
130.53,130.87,62,3
130.86,131.2,67,3
131.24,131.6,71,3
131.24,131.6,55,3
131.6,131.99,67,3
131.98,132.3,55,2
131.98,132.28,62,3
132.3,132.75,55,2
132.3,132.6,60,3
132.3,132.6,43,3
132.3,132.6,52,3
132.3,132.6,55,3
132.6,132.91,64,3
132.75,132.9,54,2
132.9,133.2,52,2
132.9,133.18,67,3
133.2,133.64,52,2
133.2,133.65,60,3
133.2,133.64,43,3
133.2,133.64,52,3
133.2,133.64,55,3
133.64,133.96,55,2
133.64,133.97,64,3
133.96,134.3,60,2
133.96,134.27,67,3
134.3,134.95,59,2
134.3,134.62,59,3
134.3,134.61,43,3
134.3,134.61,50,3
134.3,134.61,55,3
134.61,134.94,62,3
134.94,135.24,62,2
134.94,135.24,67,3
135.26,135.56,55,2
135.26,135.56,59,3
135.26,135.56,43,3
135.26,135.56,50,3
135.26,135.56,55,3
135.56,135.88,62,3
135.87,136.24,54,2
135.87,136.21,67,3
136.24,136.73,52,2
136.24,136.57,60,3
136.24,136.56,48,3
136.56,136.88,64,3
136.73,136.88,51,2
136.88,137.18,52,2
136.88,137.16,69,3
137.18,137.63,54,2
137.18,137.49,60,3
137.18,137.48,50,3
137.48,137.78,62,3
137.63,137.78,52,2
137.78,138.1,54,2
137.78,138.08,69,3
138.1,138.41,55,2
138.1,138.41,59,3
138.1,138.4,55,3
138.4,138.71,59,2
138.4,138.71,62,3
138.7,139,62,2
138.7,139,67,3
139.02,139.66,62,2
139.02,139.84,59,3
139.02,139.84,47,3
139.84,139.99,60,2
139.84,140.15,62,3
139.99,140.14,59,2
140.14,140.29,57,2
140.14,140.44,67,3
140.29,140.46,55,2
140.46,141.05,54,2
140.46,140.84,60,3
140.46,140.83,48,3
140.83,141.21,64,3
141.05,141.2,52,2
141.2,141.5,52,2
141.2,141.48,69,3
141.5,142.03,60,2
141.5,141.88,57,3
141.5,141.88,50,3
141.88,142.21,62,3
142.03,142.2,54,2
142.2,142.64,54,2
142.2,142.62,60,3
142.64,143.41,55,2
142.64,144.07,59,3
142.64,144.12,43,3
142.64,144.12,50,3
142.64,143.74,55,3
143.02,143.41,62,3
143.41,143.74,71,3
143.74,144.07,67,3
143.74,144.02,55,3
146.32,146.62,57,2
146.62,146.94,57,2
146.62,146.92,62,3
146.62,146.92,69,3
146.62,146.92,53,3
146.62,146.92,57,3
146.94,147.04,57,2
147.04,147.52,57,2
147.04,147.34,62,3
147.04,147.34,67,3
147.04,147.34,52,3
147.04,147.34,55,3
147.52,147.82,58,2
147.82,148.09,57,2
147.82,148.09,62,3
147.82,148.09,69,3
147.82,148.09,53,3
147.82,148.09,57,3
148.09,148.2,50,2
148.2,148.28,74,3
148.2,148.48,64,3
148.2,148.48,68,3
148.2,148.48,70,3
148.28,148.38,86,3
148.38,148.48,74,3
148.48,148.84,86,3
148.48,148.81,65,3
148.48,148.81,69,3
148.84,149.06,57,2
149.06,149.34,57,2
149.06,149.33,62,3
149.06,149.33,69,3
149.06,149.33,53,3
149.06,149.33,57,3
149.34,149.52,57,2
149.52,149.83,59,2
149.52,149.74,62,3
149.52,149.74,71,3
149.52,149.74,43,3
149.52,149.74,53,3
149.83,149.98,57,2
149.98,150.28,59,2
150.28,150.7,60,2
150.28,150.4,60,3
150.28,150.4,72,3
150.28,150.4,48,3
150.28,150.4,51,3
150.7,150.8,72,3
150.7,150.96,62,3
150.7,150.96,66,3
150.7,150.96,68,3
150.8,150.9,84,3
150.9,150.96,72,3
150.96,151.3,84,3
150.96,151.27,63,3
150.96,151.27,67,3
151.3,151.59,60,2
151.59,151.84,60,2
151.59,151.61,65,3
151.59,151.61,72,3
151.59,151.61,56,3
151.59,151.61,60,3
151.84,152.14,60,2
152.14,152.53,60,2
152.14,152.24,65,3
152.14,152.24,70,3
152.14,152.24,55,3
152.14,152.24,58,3
152.53,152.76,61,2
152.76,153.08,60,2
152.76,153.03,65,3
152.76,153.03,72,3
152.76,153.03,56,3
152.76,153.03,60,3
153.08,153.38,53,2
153.08,153.18,65,3
153.08,153.38,43,3
153.08,153.38,47,3
153.08,153.38,49,3
153.18,153.28,77,3
153.28,153.38,65,3
153.38,153.78,77,3
153.38,153.75,44,3
153.38,153.75,48,3
153.78,154.02,60,2
153.78,154.02,60,3
153.78,154.02,67,3
153.78,154.02,72,3
153.78,154.02,51,3
153.78,154.02,55,3
154.02,154.29,62,2
154.02,154.44,62,3
154.02,154.44,67,3
154.02,154.44,70,3
154.02,154.44,74,3
154.02,154.44,50,3
154.02,154.44,55,3
154.02,154.44,58,3
154.29,154.44,62,2
154.44,154.6,62,2
154.6,155.16,63,2
154.6,155.16,66,3
154.6,155.16,69,3
154.6,155.16,74,3
154.6,155.16,78,3
154.6,155.16,50,3
154.6,155.16,57,3
154.6,155.16,60,3
155.16,155.46,62,2
155.46,155.92,55,2
155.46,155.92,67,3
155.46,155.92,70,3
155.46,155.92,74,3
155.46,155.92,79,3
155.46,155.55,31,3
155.55,155.62,43,3
155.62,155.77,31,3
155.77,155.92,43,3
155.92,156.22,55,3
155.92,156.22,57,3
155.92,156.22,61,3
155.92,158.48,63,3
155.92,156.07,31,3
156.07,156.22,43,3
156.22,156.65,55,3
156.22,156.65,58,3
156.22,156.65,62,3
156.22,156.35,31,3
156.35,156.38,43,3
156.38,156.53,31,3
156.53,156.68,43,3
156.68,156.98,55,2
156.68,156.83,31,3
156.83,156.98,43,3
156.98,157.58,56,2
156.98,158.45,60,3
156.98,158.45,68,3
156.98,157.13,31,3
157.13,157.28,43,3
157.28,157.43,31,3
157.43,157.58,43,3
157.58,157.63,56,2
157.58,157.62,31,3
157.62,157.63,43,3
157.63,158.12,60,2
157.63,157.67,31,3
157.67,157.82,43,3
157.82,157.97,31,3
157.97,158.12,43,3
158.12,158.37,56,2
158.12,158.27,31,3
158.27,158.42,43,3
158.37,158.42,56,2
158.42,158.8,55,2
158.42,158.77,58,3
158.42,158.77,62,3
158.42,158.77,67,3
158.42,158.57,31,3
158.57,158.71,43,3
158.71,158.72,31,3
158.72,158.8,43,3
158.8,159.1,55,2
158.8,159.1,67,3
158.8,159.1,69,3
158.8,159.1,73,3
158.8,159.1,75,3
158.8,158.95,31,3
158.95,159.1,43,3
159.1,159.45,67,3
159.1,159.45,70,3
159.1,159.45,74,3
159.1,159.25,31,3
159.25,159.32,43,3
159.32,159.33,31,3
159.33,159.48,43,3
159.48,159.78,62,2
159.48,159.63,31,3
159.63,159.78,43,3
159.78,160.23,62,2
159.78,161.5,54,3
159.78,161.5,57,3
159.78,161.5,60,3
159.78,161.5,62,3
159.78,159.93,31,3
159.93,160.08,43,3
160.08,160.23,31,3
160.23,160.38,50,2
160.23,160.38,43,3
160.38,160.68,50,2
160.38,160.53,31,3
160.53,160.68,43,3
160.68,161.28,63,2
160.68,160.83,31,3
160.83,160.98,43,3
160.98,161.13,31,3
161.13,161.28,43,3
161.28,161.5,62,2
161.28,161.43,31,3
161.43,161.5,43,3
161.5,162.1,55,2
161.5,161.65,55,3
161.5,161.8,31,3
161.5,161.8,43,3
161.65,161.8,67,3
161.8,161.95,58,3
161.8,162.1,34,3
161.8,162.1,46,3
161.95,162.1,70,3
162.1,162.29,62,3
162.1,162.44,38,3
162.1,162.44,50,3
162.29,162.44,74,3
162.44,163.29,67,3
162.44,163.29,79,3
162.44,163.29,43,3
162.44,163.29,55,3
165.26,166.87,43,3
165.26,166.86,55,3
165.41,166.87,67,3
165.56,166.53,79,3
166.86,168.47,47,3
166.86,168.46,55,3
167.01,168.47,67,3
167.16,168.13,79,3
168.46,170.12,50,3
168.46,170.09,55,3
168.79,170.1,67,3
168.79,170.1,71,3
168.94,169.8,79,3
170.09,171.7,53,3
170.09,171.7,55,3
170.29,171.83,67,3
170.29,171.83,74,3
170.44,171.82,55,2
170.44,171.78,79,3
171.82,172.22,60,2
171.82,173.44,52,3
171.82,173.44,55,3
172.05,173.45,67,3
172.05,173.45,72,3
172.22,173.44,60,2
172.22,173.23,79,3
173.44,173.76,59,2
173.44,175,50,3
173.44,175,55,3
173.59,175.01,67,3
173.59,175.01,71,3
173.76,175,59,2
173.76,174.88,79,3
175,177.06,62,2
175,177.06,53,3
175,177.06,55,3
175.83,177.07,67,3
175.83,177.07,74,3
176.56,177.04,79,3
177.06,177.42,60,2
177.06,177.42,52,3
177.06,178.88,55,3
177.25,177.42,67,3
177.25,177.42,72,3
177.25,177.42,79,3
177.42,178.09,59,2
177.42,178.88,50,3
177.99,178.87,67,3
177.99,178.87,71,3
177.99,178.87,79,3
178.09,178.88,59,2
178.88,179.31,57,2
178.88,179.7,48,3
178.88,179.7,55,3
179.03,179.71,67,3
179.18,179.64,79,3
179.41,179.7,57,2
179.7,180.21,59,2
179.7,180.6,50,3
179.7,180.6,55,3
180.21,180.6,62,2
180.21,180.6,62,3
180.6,180.97,62,2
180.6,181.09,62,3
180.6,181.09,74,3
180.6,181.34,50,3
180.6,181.34,54,3
180.97,181.46,60,2
181.46,184.24,59,2
181.46,184.24,43,3
181.46,184.24,50,3
181.46,184.24,55,3
181.61,184.27,62,3
181.9,184.18,74,3
184.24,184.58,55,3
184.24,184.58,59,3
184.43,184.89,62,3
184.58,184.88,59,2
184.58,184.86,74,3
184.58,184.86,50,3
184.58,184.86,55,3
184.88,185.37,59,2
184.88,186.5,48,3
184.88,186.5,54,3
185.37,185.66,57,2
185.37,186.51,62,3
185.66,186.5,57,2
185.66,186.4,74,3
186.5,187.24,57,2
186.5,187.24,48,3
186.5,187.24,54,3
186.65,188.13,62,3
187.24,188.12,59,2
187.24,188.1,74,3
187.24,188.1,50,3
187.24,188.1,54,3
188.12,190.66,55,2
188.12,190.66,47,3
188.12,190.66,55,3
188.27,190.67,62,3
189.26,190.3,74,3
190.66,190.96,50,2
190.66,190.96,47,3
190.66,190.96,55,3
190.81,192.33,62,3
190.96,191.53,59,2
190.96,192.07,74,3
190.96,192.07,50,3
190.96,192.07,55,3
191.53,192.32,59,2
192.32,192.85,57,2
192.32,193.38,48,3
192.32,193.38,54,3
192.47,193.39,62,3
192.62,193.28,74,3
192.97,193.38,57,2
193.38,194.36,60,2
193.38,194.36,52,3
193.38,194.36,54,3
193.83,195.37,62,3
194.36,195.36,59,2
194.36,195.34,74,3
194.36,195.34,50,3
194.36,195.34,54,3
195.36,197.36,55,2
195.36,197.36,47,3
195.36,197.36,55,3
195.51,197.37,62,3
195.66,196.91,74,3
197.36,199.26,47,3
197.36,199.26,55,3
197.69,199.27,62,3
197.84,199.26,55,2
197.84,198.89,74,3
199.26,199.49,55,2
199.26,202.3,48,3
199.26,202.3,55,3
199.49,199.64,51,2
199.49,202.31,63,3
199.49,202.31,67,3
199.64,202.3,51,2
199.64,201.55,75,3
202.3,202.62,51,2
202.3,202.92,48,3
202.3,202.92,55,3
202.45,202.93,63,3
202.45,202.93,67,3
202.62,202.77,51,2
202.62,202.9,75,3
202.77,202.92,55,2
202.92,203.22,50,2
202.92,204.78,46,3
202.92,204.78,55,3
203.07,204.79,62,3
203.07,204.79,67,3
203.22,204.78,50,2
203.22,204.37,74,3
204.78,206.78,46,3
204.78,206.78,55,3
205.09,206.79,62,3
205.09,206.79,67,3
205.24,206.78,50,2
205.24,206.38,74,3
206.78,207.36,53,2
206.78,208.76,48,3
206.78,208.76,55,3
207.21,208.77,63,3
207.21,208.77,67,3
207.36,207.89,51,2
207.36,208.52,75,3
207.89,208.76,55,2
208.76,209.4,60,2
208.76,211.18,48,3
208.76,211.18,55,3
209.25,211.19,63,3
209.25,211.19,67,3
209.4,209.55,63,2
209.4,210.7,75,3
209.55,211.18,63,2
211.18,214.12,62,2
211.18,214.12,46,3
211.18,214.12,55,3
211.33,214.13,62,3
211.33,214.13,67,3
211.48,213.77,74,3
214.12,215.66,46,3
214.12,215.66,55,3
214.35,215.67,62,3
214.35,215.67,67,3
214.64,215.66,58,2
214.64,215.46,74,3
215.66,216.6,57,2
215.66,218.69,51,3
215.66,218.69,55,3
216.09,216.6,72,3
216.6,217.09,57,2
216.6,217.09,69,3
217.09,218.68,57,2
217.09,218.68,72,3
218.68,219.38,60,2
218.68,219.37,75,3
218.68,219.95,50,3
218.68,219.95,54,3
219.38,219.83,58,2
219.38,220.73,74,3
219.38,220.73,78,3
219.83,221.1,58,2
221.1,222.12,55,2
221.1,222.12,67,3
221.1,222.12,79,3
221.1,222.12,43,3
221.1,222.12,55,3
222.12,226.1,31,3
222.12,226.1,43,3
222.27,226.11,55,3
222.42,225.03,67,3
226.1,227.9,31,3
226.1,227.9,43,3
226.25,227.91,55,3
226.4,227.51,67,3
227.9,228.47,31,3
227.9,228.47,43,3
228.05,230.58,55,3
228.2,229.91,67,3
230.58,230.59,55,3
230.58,239.02,31,3
230.66,239.02,58,3
230.66,239.02,34,3
230.74,239.02,62,3
230.74,239.02,38,3
230.82,239.02,67,3
230.82,239.02,43,3
